point,x_mm,y_mm,z_mm,q1_deg,q2_deg,q3_deg,q4_deg,q5_deg,q6_deg
0,307.445,-145.181,25.000,25.2775,-46.4153,62.2248,0.0000,41.3599,-0.0000
1,309.216,-143.784,25.000,24.9383,-46.9387,61.4855,0.0000,41.5758,-0.0000
2,310.975,-142.368,25.000,24.5990,-47.4626,60.7439,0.0000,41.7935,-0.0000
3,312.714,-140.931,25.000,24.2597,-47.9835,60.0051,0.0000,42.0114,0.0000
4,314.428,-139.469,25.000,23.9204,-48.4975,59.2744,0.0000,42.2280,-0.0000
5,316.110,-137.981,25.000,23.5811,-49.0010,58.5575,0.0000,42.4416,-0.0000
6,317.753,-136.463,25.000,23.2418,-49.4899,57.8598,0.0000,42.6503,-0.0000
7,319.351,-134.915,25.000,22.9025,-49.9606,57.1870,0.0000,42.8524,-0.0000
8,320.898,-133.335,25.000,22.5632,-50.4092,56.5447,0.0000,43.0462,0.0000
9,322.388,-131.721,25.000,22.2239,-50.8319,55.9384,0.0000,43.2297,-0.0000
10,323.815,-130.072,25.000,21.8846,-51.2251,55.3736,0.0000,43.4013,-0.0000
11,325.175,-128.387,25.000,21.5453,-51.5855,54.8554,0.0000,43.5592,-0.0000
12,326.463,-126.666,25.000,21.2060,-51.9096,54.3887,0.0000,43.7018,-0.0000
13,327.675,-124.909,25.000,20.8667,-52.1944,53.9780,0.0000,43.8276,-0.0000
14,328.805,-123.115,25.000,20.5274,-52.4374,53.6275,0.0000,43.9351,-0.0000
15,329.852,-121.284,25.000,20.1881,-52.6360,53.3407,0.0000,44.0233,-0.0000
16,330.813,-119.418,25.000,19.8488,-52.7883,53.1206,0.0000,44.0911,-0.0000
17,331.684,-117.518,25.000,19.5095,-52.8928,52.9696,0.0000,44.1376,-0.0000
18,332.465,-115.583,25.000,19.1702,-52.9485,52.8891,0.0000,44.1624,-0.0000
19,333.154,-113.615,25.000,18.8309,-52.9547,52.8802,0.0000,44.1652,-0.0000
20,333.750,-111.617,25.000,18.4916,-52.9114,52.9428,0.0000,44.1459,-0.0000
21,334.254,-109.589,25.000,18.1523,-52.8190,53.0763,0.0000,44.1047,-0.0000
22,334.665,-107.533,25.000,17.8130,-52.6785,53.2793,0.0000,44.0422,-0.0000
23,334.986,-105.452,25.000,17.4737,-52.4913,53.5497,0.0000,43.9590,-0.0000
24,335.219,-103.347,25.000,17.1344,-52.2592,53.8846,0.0000,43.8562,-0.0000
25,335.364,-101.221,25.000,16.7952,-51.9846,54.2806,0.0000,43.7349,-0.0000
26,335.426,-99.077,25.000,16.4559,-51.6700,54.7337,0.0000,43.5963,-0.0000
27,335.408,-96.916,25.000,16.1166,-51.3184,55.2395,0.0000,43.4421,-0.0000
28,335.313,-94.740,25.000,15.7773,-50.9331,55.7931,0.0000,43.2738,0.0000
29,335.147,-92.554,25.000,15.4380,-50.5174,56.3895,0.0000,43.0931,-0.0000
30,334.914,-90.358,25.000,15.0987,-50.0750,57.0233,0.0000,42.9017,-0.0000
31,334.619,-88.156,25.000,14.7594,-49.6095,57.6890,0.0000,42.7015,-0.0000
32,334.268,-85.950,25.000,14.4201,-49.1247,58.3810,0.0000,42.4943,-0.0000
33,333.867,-83.743,25.000,14.0808,-48.6245,59.0937,0.0000,42.2818,-0.0000
34,333.423,-81.536,25.000,13.7415,-48.1128,59.8214,0.0000,42.0658,-0.0000
35,332.943,-79.332,25.000,13.4022,-47.5933,60.5587,0.0000,41.8480,-0.0000
36,332.432,-77.132,25.000,13.0629,-47.0697,61.3002,0.0000,41.6301,-0.0000
37,331.898,-74.940,25.000,12.7236,-46.5459,62.0405,0.0000,41.4137,-0.0000
38,331.348,-72.756,25.000,12.3843,-46.0253,62.7745,0.0000,41.2001,-0.0000
39,330.789,-70.583,25.000,12.0450,-45.5116,63.4974,0.0000,40.9910,-0.0000
40,330.228,-68.421,25.000,11.7057,-45.0080,64.2045,0.0000,40.7875,0.0000
41,329.672,-66.273,25.000,11.3664,-44.5179,64.8912,0.0000,40.5909,-0.0000
42,329.129,-64.138,25.000,11.0271,-44.0443,65.5534,0.0000,40.4023,-0.0000
43,328.605,-62.018,25.000,10.6878,-43.5902,66.1870,0.0000,40.2228,-0.0000
44,328.106,-59.914,25.000,10.3485,-43.1584,66.7884,0.0000,40.0533,-0.0000
45,327.639,-57.826,25.000,10.0092,-42.7514,67.3539,0.0000,39.8946,-0.0000
46,327.211,-55.754,25.000,9.6699,-42.3719,67.8805,0.0000,39.7476,-0.0000
47,326.825,-53.699,25.000,9.3306,-42.0220,68.3651,0.0000,39.6129,-0.0000
48,326.489,-51.660,25.000,8.9913,-41.7037,68.8052,0.0000,39.4910,-0.0000
49,326.206,-49.637,25.000,8.6520,-41.4191,69.1983,0.0000,39.3826,-0.0000
50,325.982,-47.630,25.000,8.3128,-41.1697,69.5423,0.0000,39.2881,-0.0000
51,325.819,-45.637,25.000,7.9735,-40.9570,69.8353,0.0000,39.2077,-0.0000
52,325.722,-43.658,25.000,7.6342,-40.7821,70.0759,0.0000,39.1419,-0.0000
53,325.693,-41.693,25.000,7.2949,-40.6463,70.2628,0.0000,39.0910,-0.0000
54,325.735,-39.739,25.000,6.9556,-40.5501,70.3949,0.0000,39.0549,-0.0000
55,325.848,-37.796,25.000,6.6163,-40.4943,70.4717,0.0000,39.0341,-0.0000
56,326.034,-35.862,25.000,6.2770,-40.4790,70.4926,0.0000,39.0283,-0.0000
57,326.294,-33.936,25.000,5.9377,-40.5044,70.4577,0.0000,39.0379,-0.0000
58,326.627,-32.017,25.000,5.5984,-40.5704,70.3670,0.0000,39.0625,-0.0000
59,327.032,-30.102,25.000,5.2591,-40.6766,70.2211,0.0000,39.1023,-0.0000
60,327.508,-28.191,25.000,4.9198,-40.8222,70.0208,0.0000,39.1570,-0.0000
61,328.052,-26.282,25.000,4.5805,-41.0066,69.7669,0.0000,39.2265,-0.0000
62,328.663,-24.373,25.000,4.2412,-41.2286,69.4610,0.0000,39.3104,-0.0000
63,329.337,-22.463,25.000,3.9019,-41.4870,69.1045,0.0000,39.4084,-0.0000
64,330.070,-20.550,25.000,3.5626,-41.7802,68.6995,0.0000,39.5203,-0.0000
65,330.857,-18.633,25.000,3.2233,-42.1066,68.2481,0.0000,39.6454,-0.0000
66,331.695,-16.710,25.000,2.8840,-42.4641,67.7527,0.0000,39.7832,-0.0000
67,332.577,-14.781,25.000,2.5447,-42.8507,67.2161,0.0000,39.9332,-0.0000
68,333.499,-12.843,25.000,2.2054,-43.2641,66.6412,0.0000,40.0947,-0.0000
69,334.454,-10.897,25.000,1.8661,-43.7017,66.0315,0.0000,40.2668,-0.0000
70,335.435,-8.941,25.000,1.5268,-44.1610,65.3904,0.0000,40.4486,-0.0000
71,336.437,-6.974,25.000,1.1875,-44.6390,64.7217,0.0000,40.6393,-0.0000
72,337.452,-4.996,25.000,0.8482,-45.1328,64.0295,0.0000,40.8377,-0.0000
73,338.473,-3.007,25.000,0.5089,-45.6392,63.3180,0.0000,41.0428,-0.0000
74,339.493,-1.005,25.000,0.1696,-46.1550,62.5919,0.0000,41.2532,-0.0000
75,340.504,1.008,25.000,-0.1696,-46.6767,61.8558,0.0000,41.4675,-0.0000
76,341.501,3.034,25.000,-0.5089,-47.2008,61.1147,0.0000,41.6845,-0.0000
77,342.474,5.071,25.000,-0.8482,-47.7237,60.3738,0.0000,41.9025,-0.0000
78,343.417,7.119,25.000,-1.1875,-48.2416,59.6384,0.0000,42.1200,-0.0000
79,344.323,9.178,25.000,-1.5268,-48.7508,58.9139,0.0000,42.3353,-0.0000
80,345.186,11.247,25.000,-1.8661,-49.2475,58.2059,0.0000,42.5466,-0.0000
81,345.997,13.325,25.000,-2.2054,-49.7278,57.5199,0.0000,42.7523,-0.0000
82,346.752,15.411,25.000,-2.5447,-50.1879,56.8617,0.0000,42.9505,-0.0000
83,347.444,17.504,25.000,-2.8840,-50.6240,56.2367,0.0000,43.1393,-0.0000
84,348.067,19.602,25.000,-3.2233,-51.0324,55.6505,0.0000,43.3171,-0.0000
85,348.616,21.705,25.000,-3.5626,-51.4096,55.1083,0.0000,43.4820,-0.0000
86,349.087,23.810,25.000,-3.9019,-51.7522,54.6153,0.0000,43.6325,-0.0000
87,349.475,25.916,25.000,-4.2412,-52.0571,54.1761,0.0000,43.7669,-0.0000
88,349.776,28.022,25.000,-4.5805,-52.3213,53.7950,0.0000,43.8837,-0.0000
89,349.987,30.126,25.000,-4.9198,-52.5423,53.4759,0.0000,43.9817,-0.0000
90,350.106,32.226,25.000,-5.2591,-52.7180,53.2222,0.0000,44.0598,-0.0000
91,350.130,34.321,25.000,-5.5984,-52.8466,53.0364,0.0000,44.1170,-0.0000
92,350.058,36.408,25.000,-5.9377,-52.9268,52.9204,0.0000,44.1528,-0.0000
93,349.889,38.486,25.000,-6.2770,-52.9578,52.8757,0.0000,44.1666,-0.0000
94,349.623,40.553,25.000,-6.6163,-52.9392,52.9025,0.0000,44.1583,-0.0000
95,349.261,42.609,25.000,-6.9556,-52.8713,53.0008,0.0000,44.1280,-0.0000
96,348.803,44.651,25.000,-7.2949,-52.7547,53.1693,0.0000,44.0761,-0.0000
97,348.251,46.678,25.000,-7.6342,-52.5906,53.4063,0.0000,44.0031,-0.0000
98,347.607,48.689,25.000,-7.9735,-52.3807,53.7093,0.0000,43.9100,-0.0000
99,346.874,50.682,25.000,-8.3128,-52.1271,54.0752,0.0000,43.7978,-0.0000
100,346.055,52.658,25.000,-8.6520,-51.8321,54.5003,0.0000,43.6676,-0.0000
101,345.155,54.614,25.000,-8.9913,-51.4987,54.9803,0.0000,43.5211,-0.0000
102,344.178,56.550,25.000,-9.3306,-51.1298,55.5106,0.0000,43.3596,-0.0000
103,343.128,58.467,25.000,-9.6699,-50.7288,56.0863,0.0000,43.1849,-0.0000
104,342.011,60.363,25.000,-10.0092,-50.2993,56.7021,0.0000,42.9986,-0.0000
105,340.832,62.238,25.000,-10.3485,-49.8449,57.3525,0.0000,42.8026,-0.0000
106,339.599,64.093,25.000,-10.6878,-49.3693,58.0321,0.0000,42.5987,-0.0000
107,338.316,65.928,25.000,-11.0271,-48.8763,58.7351,0.0000,42.3886,-0.0000
108,336.991,67.744,25.000,-11.3664,-48.3699,59.4560,0.0000,42.1741,-0.0000
109,335.630,69.540,25.000,-11.7057,-47.8538,60.1892,0.0000,41.9570,-0.0000
110,334.240,71.319,25.000,-12.0450,-47.3318,60.9293,0.0000,41.7390,-0.0000
111,332.829,73.082,25.000,-12.3843,-46.8076,61.6708,0.0000,41.5216,-0.0000
112,331.404,74.829,25.000,-12.7236,-46.2850,62.4086,0.0000,41.3064,-0.0000
113,329.972,76.562,25.000,-13.0629,-45.7674,63.1377,0.0000,41.0949,-0.0000
114,328.539,78.282,25.000,-13.4022,-45.2583,63.8532,0.0000,40.8884,-0.0000
115,327.113,79.993,25.000,-13.7415,-44.7611,64.5507,0.0000,40.6882,-0.0000
116,325.701,81.694,25.000,-14.0808,-44.2788,65.2257,0.0000,40.4955,-0.0000
117,324.309,83.390,25.000,-14.4201,-43.8146,65.8740,0.0000,40.3114,-0.0000
118,322.944,85.081,25.000,-14.7594,-43.3713,66.4920,0.0000,40.1367,-0.0000
119,321.612,86.770,25.000,-15.0987,-42.9516,67.0758,0.0000,39.9726,-0.0000
120,320.318,88.459,25.000,-15.4380,-42.5581,67.6223,0.0000,39.8196,-0.0000
121,319.068,90.151,25.000,-15.7773,-42.1931,68.1282,0.0000,39.6787,-0.0000
122,317.867,91.847,25.000,-16.1166,-41.8588,68.5909,0.0000,39.5503,-0.0000
123,316.720,93.551,25.000,-16.4559,-41.5571,69.0078,0.0000,39.4351,-0.0000
124,315.630,95.265,25.000,-16.7952,-41.2899,69.3765,0.0000,39.3336,-0.0000
125,314.600,96.991,25.000,-17.1344,-41.0586,69.6953,0.0000,39.2461,-0.0000
126,313.635,98.731,25.000,-17.4737,-40.8647,69.9623,0.0000,39.1730,-0.0000
127,312.735,100.487,25.000,-17.8130,-40.7093,70.1761,0.0000,39.1146,-0.0000
128,311.904,102.261,25.000,-18.1523,-40.5932,70.3357,0.0000,39.0711,-0.0000
129,311.142,104.056,25.000,-18.4916,-40.5171,70.4402,0.0000,39.0426,-0.0000
130,310.450,105.873,25.000,-18.8309,-40.4816,70.4891,0.0000,39.0293,-0.0000
131,309.827,107.713,25.000,-19.1702,-40.4867,70.4821,0.0000,39.0312,-0.0000
132,309.274,109.578,25.000,-19.5095,-40.5324,70.4193,0.0000,39.0483,-0.0000
133,308.790,111.468,25.000,-19.8488,-40.6185,70.3010,0.0000,39.0805,-0.0000
134,308.371,113.386,25.000,-20.1881,-40.7445,70.1277,0.0000,39.1278,-0.0000
135,308.018,115.331,25.000,-20.5274,-40.9097,69.9004,0.0000,39.1899,-0.0000
136,307.725,117.304,25.000,-20.8667,-41.1130,69.6204,0.0000,39.2666,-0.0000
137,307.491,119.305,25.000,-21.2060,-41.3534,69.2890,0.0000,39.3577,-0.0000
138,307.311,121.334,25.000,-21.5453,-41.6294,68.9080,0.0000,39.4627,-0.0000
139,307.182,123.390,25.000,-21.8846,-41.9394,68.4794,0.0000,39.5812,-0.0000
140,307.097,125.473,25.000,-22.2239,-42.2816,68.0057,0.0000,39.7128,-0.0000
141,307.053,127.582,25.000,-22.5632,-42.6539,67.4893,0.0000,39.8568,-0.0000
142,307.044,129.716,25.000,-22.9025,-43.0542,66.9332,0.0000,40.0126,-0.0000
143,307.064,131.873,25.000,-23.2418,-43.4800,66.3405,0.0000,40.1794,-0.0000
144,307.107,134.051,25.000,-23.5811,-43.9288,65.7146,0.0000,40.3565,-0.0000
145,307.167,136.248,25.000,-23.9204,-44.3978,65.0592,0.0000,40.5429,-0.0000
146,307.237,138.462,25.000,-24.2597,-44.8841,64.3783,0.0000,40.7376,-0.0000
147,307.311,140.691,25.000,-24.5990,-45.3846,63.6759,0.0000,40.9395,-0.0000
148,307.383,142.932,25.000,-24.9383,-45.8961,62.9565,0.0000,41.1474,-0.0000
149,307.445,145.181,25.000,-25.2775,-46.4153,62.2248,0.0000,41.3599,-0.0000
